policy,seed,trials,accuracy,human_accuracy,ai_accuracy,mean_latency_seconds,intervention_rate,override_rate,unnecessary_override_rate,contest_rate,appropriate_reliance,final_trust,trust_calibration,autonomy_preservation,collaborative_utility
human_only,7,180,0.6,0.6,0.5666666666666667,4.754267779939659,0.0,0.0,0.0,0.0,0.4594594594594595,0.55,0.5066666666666666,1.0,0.6357339716355659
human_only,21,180,0.5,0.5,0.5833333333333334,4.615092006234109,0.0,0.0,0.0,0.0,0.5824175824175825,0.55,0.5083333333333333,1.0,0.5954361817945305
human_only,42,180,0.5833333333333334,0.5833333333333334,0.6388888888888888,4.85575267077054,0.0,0.0,0.0,0.0,0.5714285714285714,0.55,0.5138888888888888,1.0,0.6293727821605974
human_only,84,180,0.4888888888888889,0.4888888888888889,0.5222222222222223,4.773003455431598,0.0,0.0,0.0,0.0,0.5365853658536586,0.55,0.5022222222222221,1.0,0.5879126429515633
human_only,101,180,0.6222222222222222,0.6222222222222222,0.5555555555555556,4.766692648256545,0.0,0.0,0.0,0.0,0.42105263157894735,0.55,0.5055555555555555,1.0,0.644705481063927
static_recommendation,7,180,0.6,0.6,0.5666666666666667,4.754267779939659,0.0,0.0,0.0,0.0,0.4594594594594595,0.55,0.5066666666666666,0.8,0.5997339716355659
static_recommendation,21,180,0.5111111111111111,0.5,0.5833333333333334,4.615092006234109,0.0,0.0,0.0,0.0,0.5824175824175825,0.55,0.5083333333333333,0.7966666666666666,0.5635028484611971
static_recommendation,42,180,0.5833333333333334,0.5833333333333334,0.6388888888888888,4.85575267077054,0.0,0.0,0.0,0.0,0.5714285714285714,0.55,0.5138888888888888,0.8,0.5933727821605974
static_recommendation,84,180,0.4888888888888889,0.4888888888888889,0.5222222222222223,4.773003455431598,0.0,0.0,0.0,0.0,0.5365853658536586,0.55,0.5022222222222221,0.7983333333333333,0.5516126429515633
static_recommendation,101,180,0.6222222222222222,0.6222222222222222,0.5555555555555556,4.766692648256545,0.0,0.0,0.0,0.0,0.42105263157894735,0.55,0.5055555555555555,0.8,0.608705481063927
adaptive_codecision,7,180,0.6,0.6,0.5666666666666667,4.754267779939659,0.05555555555555555,0.0,0.0,0.0,0.4594594594594595,0.26907330853502703,0.499902908302136,0.7805555555555556,0.5947459447953691
adaptive_codecision,21,180,0.5111111111111111,0.5,0.5833333333333334,4.615092006234109,0.09444444444444444,0.011111111111111112,0.0,0.0,0.5824175824175825,0.41597240620496423,0.5158685461321135,0.7630555555555556,0.5591105952769289
adaptive_codecision,42,180,0.5777777777777777,0.5833333333333334,0.6388888888888888,4.85575267077054,0.08888888888888889,0.005555555555555556,0.005555555555555556,0.0,0.5714285714285714,0.6638883732395793,0.5447675607478606,0.7669444444444444,0.5904938677473489
adaptive_codecision,84,180,0.4888888888888889,0.4888888888888889,0.5222222222222223,4.773003455431598,0.1,0.0,0.0,0.0,0.5365853658536586,0.4602517252133169,0.48870394732481726,0.765,0.5426386224741342
adaptive_codecision,101,180,0.6222222222222222,0.6222222222222222,0.5555555555555556,4.766692648256545,0.07222222222222222,0.0,0.0,0.0,0.42105263157894735,0.6771425014559556,0.5173537338368599,0.7747222222222222,0.6067510802858139
aggressive_automation,7,180,0.6,0.6,0.5666666666666667,4.754267779939659,1.0,1.0,0.2222222222222222,0.5222222222222223,0.24324324324324326,3.112931947976635e-05,0.45192693310745646,0.0,0.38813567469698407
aggressive_automation,21,180,0.5277777777777778,0.5,0.5833333333333334,4.615092006234109,1.0,1.0,0.2111111111111111,0.45555555555555555,0.27472527472527475,1.5520562113365363e-05,0.4333293322694094,0.0,0.35782419044935615
aggressive_automation,42,180,0.6333333333333333,0.5833333333333334,0.6388888888888888,4.85575267077054,1.0,1.0,0.16666666666666666,0.3611111111111111,0.35714285714285715,0.009524390569822723,0.5103921819943349,0.0,0.42793683997712884
aggressive_automation,84,180,0.49444444444444446,0.4888888888888889,0.5222222222222223,4.773003455431598,1.0,1.0,0.2111111111111111,0.45,0.3048780487804878,1.1725490813359719e-06,0.48788658509882943,0.0,0.35431435833997244
aggressive_automation,101,180,0.5611111111111111,0.6222222222222222,0.5555555555555556,4.766692648256545,1.0,1.0,0.24444444444444444,0.4,0.17105263157894737,2.5845988550246867e-05,0.5314633058013815,0.0,0.38362740834023096
